"Id";"Designator";"Package";"Quantity";"Designation";"Supplier and ref";
1;"R27,R26";"R_0603_1608Metric";2;"270R";;;
2;"R35,R33,R14";"R_0603_1608Metric";3;"0R";;;
3;"R30";"R_0603_1608Metric";1;"820R";;;
4;"R28,R25,R24,R22";"R_0805_2012Metric";4;"49.9R";;;
5;"R18,R17,R15,R20,R16";"R_0402_1005Metric";5;"47k";;;
6;"C11,C44,C43,C7,C12,C10,C13,C21,C16,C26,C1,C4,C34,C39,C15,C41,C36,C32,C19,C8,C42,C46,C45,C40,C20,C31,C33,C9,C6,C37,C18,C28";"C_0402_1005Metric";32;"100n";;;
7;"C49,C50";"C_0402_1005Metric";2;"33p";;;
8;"D2,D1";"LED_0603_1608Metric";2;"LED";;;
9;"R12,R13,R10,R11";"R_0402_1005Metric";4;"33R";;;
10;"JP2,JP1";"SolderJumper-2_P1.3mm_Bridged_RoundedPad1.0x1.5mm";2;"SolderJumper_2_Bridged";;;
11;"SW1";"SW_SPDT_PCM12";1;"SW_SPDT";;;
12;"U6";"SOP50P490X110-10N";1;"MAX1823BEUB";;;
13;"J10";"PinHeader_1x03_P2.54mm_Vertical";1;"Conn_01x03_Male";;;
14;"R6,R5,R8,R23,R9,R4";"R_0402_1005Metric";6;"10k";;;
15;"J7,J6,J3";"USB_Micro-B_Molex_47346-0001";3;"USB_B_Micro";;;
16;"U1";"SOT-223-3_TabPin2";1;"AMS1117-3.3";;;
17;"J5";"HANRUN_HR911105A";1;"HR911105A";;;
18;"R19";"R_0402_1005Metric";1;"100R";;;
19;"C47,C38,C30,C2,C48";"C_0603_1608Metric";5;"4.7u";;;
20;"C27";"C_0402_1005Metric";1;"470p";;;
21;"J9,J4,J8";"PinHeader_1x02_P2.54mm_Vertical";3;"Conn_01x02_Male";;;
22;"FB3,FB2";"L_0603_1608Metric";2;"120R";;;
23;"C3,C5";"C_0603_1608Metric";2;"2.2u";;;
24;"R3,R2,R7";"R_0402_1005Metric";3;"1k5";;;
25;"U4";"SOT-23-6";1;"USBLC6-4SC6";;;
26;"U2";"QFN-24-1EP_4x4mm_P0.5mm_EP2.6x2.6mm";1;"LAN8720A";;;
27;"Y2";"Crystal_HC49-U_Vertical";1;"25MHz";;;
28;"R32";"R_0402_1005Metric";1;"1M";;;
29;"R34";"R_0402_1005Metric";1;"4k7";;;
30;"R31";"R_0402_1005Metric";1;"100k";;;
31;"FB1";"L_0603_1608Metric";1;"600R";;;
32;"U5";"QFN-32-1EP_5x5mm_P0.5mm_EP3.45x3.45mm";1;"USB3300-EZK";;;
33;"R29";"R_0402_1005Metric";1;"12k";;;
34;"C23,C22";"C_0402_1005Metric";2;"10p";;;
35;"J1";"PinHeader_2x07_P1.27mm_Vertical";1;"Conn_02x07_Odd_Even";;;
36;"C29";"C_0603_1608Metric";1;"1u";;;
37;"Y1";"Crystal_SMD_3225-4Pin_3.2x2.5mm";1;"25MHz";;;
38;"C24,C25";"C_0402_1005Metric";2;"30p";;;
39;"Y3";"Crystal_HC49-U_Vertical";1;"24MHz";;;
40;"U3";"LQFP-144_20x20mm_P0.5mm";1;"STM32F407ZGTx";;;
41;"C17,C14";"C_0805_2012Metric";2;"22u";;;
42;"J2";"HRS_DM3AT-SF-PEJM5";1;"DM3AT-SF-PEJM5";;;
43;"C35";"C_0805_2012Metric";1;"10u";;;
44;"R1";"R_0402_1005Metric";1;"4.7k";;;
45;"U7";"MSOP-10_3x3mm_P0.5mm";1;"CH340E";;;
46;"R21";"R_0402_1005Metric";1;"12.1k";;;
