"Source:","C:\Users\ASUS\Desktop\electronics_projects\tiny_nas\tiny_nas.kicad_sch"
"Date:","8/26/2022 8:56:11 PM"
"Tool:","Eeschema (6.0.6)"
"Generator:","C:\Program Files\KiCad\6.0\bin\scripting\plugins/bom_csv_grouped_by_value_with_fp.py"
"Component Count:","113"
"Ref","Qnty","Value","Cmp name","Footprint","Description","Vendor"
"C1, C4, C6, C7, C8, C9, C10, C11, C12, C13, C15, C16, C18, C19, C20, C21, C26, C28, C31, C32, C33, C34, C36, C37, C39, C40, C41, C42, C43, C44, C45, C46, ","32","100n","C","Capacitor_SMD:C_0402_1005Metric","Unpolarized capacitor",""
"C2, C30, C38, C47, C48, ","5","4.7u","C","Capacitor_SMD:C_0603_1608Metric","Unpolarized capacitor",""
"C3, C5, ","2","2.2u","C","Capacitor_SMD:C_0603_1608Metric","Unpolarized capacitor",""
"C14, C17, ","2","22u","C","Capacitor_SMD:C_0805_2012Metric","Unpolarized capacitor",""
"C22, C23, ","2","10p","C","Capacitor_SMD:C_0402_1005Metric","Unpolarized capacitor",""
"C24, C25, ","2","30p","C","Capacitor_SMD:C_0402_1005Metric","Unpolarized capacitor",""
"C27, ","1","470p","C","Capacitor_SMD:C_0402_1005Metric","Unpolarized capacitor",""
"C29, ","1","1u","C","Capacitor_SMD:C_0603_1608Metric","Unpolarized capacitor",""
"C35, ","1","10u","C","Capacitor_SMD:C_0805_2012Metric","Unpolarized capacitor",""
"C49, C50, ","2","33p","C","Capacitor_SMD:C_0402_1005Metric","Unpolarized capacitor",""
"D1, D2, ","2","LED","LED","LED_SMD:LED_0603_1608Metric","Light emitting diode",""
"FB1, ","1","600R","FerriteBead","Inductor_SMD:L_0603_1608Metric","Ferrite bead",""
"FB2, FB3, ","2","120R","FerriteBead","Inductor_SMD:L_0603_1608Metric","Ferrite bead",""
"J1, ","1","Conn_02x07_Odd_Even","Conn_02x07_Odd_Even","Connector_PinHeader_1.27mm:PinHeader_2x07_P1.27mm_Vertical","Generic connector, double row, 02x07, odd/even pin numbering scheme (row 1 odd numbers, row 2 even numbers), script generated (kicad-library-utils/schlib/autogen/connector/)",""
"J2, ","1","DM3AT-SF-PEJM5","DM3AT-SF-PEJM5","DM3AT-SF-PEJM5:HRS_DM3AT-SF-PEJM5","",""
"J3, J6, J7, ","3","USB_B_Micro","USB_B_Micro","Connector_USB:USB_Micro-B_Molex_47346-0001","USB Micro Type B connector",""
"J4, J8, J9, ","3","Conn_01x02_Male","Conn_01x02_Male","Connector_PinHeader_2.54mm:PinHeader_1x02_P2.54mm_Vertical","Generic connector, single row, 01x02, script generated (kicad-library-utils/schlib/autogen/connector/)",""
"J5, ","1","HR911105A","HR911105A_1","HR911105A:HANRUN_HR911105A","",""
"J10, ","1","Conn_01x03_Male","Conn_01x03_Male","Connector_PinHeader_2.54mm:PinHeader_1x03_P2.54mm_Vertical","Generic connector, single row, 01x03, script generated (kicad-library-utils/schlib/autogen/connector/)",""
"JP1, JP2, ","2","SolderJumper_2_Bridged","SolderJumper_2_Bridged","Jumper:SolderJumper-2_P1.3mm_Bridged_RoundedPad1.0x1.5mm","Solder Jumper, 2-pole, closed/bridged",""
"R1, ","1","4.7k","R","Resistor_SMD:R_0402_1005Metric","Resistor",""
"R2, R3, R7, ","3","1k5","R","Resistor_SMD:R_0402_1005Metric","Resistor",""
"R4, R5, R6, R8, R9, R23, ","6","10k","R","Resistor_SMD:R_0402_1005Metric","Resistor",""
"R10, R11, R12, R13, ","4","33R","R","Resistor_SMD:R_0402_1005Metric","Resistor",""
"R14, R33, R35, ","3","0R","R","Resistor_SMD:R_0603_1608Metric","Resistor",""
"R15, R16, R17, R18, R20, ","5","47k","R","Resistor_SMD:R_0402_1005Metric","Resistor",""
"R19, ","1","100R","R","Resistor_SMD:R_0402_1005Metric","Resistor",""
"R21, ","1","12.1k","R","Resistor_SMD:R_0402_1005Metric","Resistor",""
"R22, R24, R25, R28, ","4","49.9R","R","Resistor_SMD:R_0805_2012Metric","Resistor",""
"R26, R27, ","2","270R","R","Resistor_SMD:R_0603_1608Metric","Resistor",""
"R29, ","1","12k","R","Resistor_SMD:R_0402_1005Metric","Resistor",""
"R30, ","1","820R","R","Resistor_SMD:R_0603_1608Metric","Resistor",""
"R31, ","1","100k","R","Resistor_SMD:R_0402_1005Metric","Resistor",""
"R32, ","1","1M","R","Resistor_SMD:R_0402_1005Metric","Resistor",""
"R34, ","1","4k7","R","Resistor_SMD:R_0402_1005Metric","Resistor",""
"SW1, ","1","SW_SPDT","SW_SPDT","Button_Switch_SMD:SW_SPDT_PCM12","Switch, single pole double throw",""
"U1, ","1","AMS1117-3.3","AMS1117-3.3","Package_TO_SOT_SMD:SOT-223-3_TabPin2","1A Low Dropout regulator, positive, 3.3V fixed output, SOT-223",""
"U2, ","1","LAN8720A","LAN8720A","Package_DFN_QFN:QFN-24-1EP_4x4mm_P0.5mm_EP2.6x2.6mm","LAN8720 Ethernet PHY with RMII interface, QFN-24",""
"U3, ","1","STM32F407ZGTx","STM32F407ZGTx","Package_QFP:LQFP-144_20x20mm_P0.5mm","ARM Cortex-M4 MCU, 1024KB flash, 128KB RAM, 168MHz, 1.8-3.6V, 114 GPIO, LQFP-144",""
"U4, ","1","USBLC6-4SC6","USBLC6-4SC6","Package_TO_SOT_SMD:SOT-23-6","Very low capacitance ESD protection diode, 4 data-line, SOT-23-6",""
"U5, ","1","USB3300-EZK","USB3300-EZK","Package_DFN_QFN:QFN-32-1EP_5x5mm_P0.5mm_EP3.45x3.45mm","Hi-Speed USB Host, Device or OTG PHY with ULPI Interface",""
"U6, ","1","MAX1823BEUB","MAX1823BEUB","MAX1823BEUB_T:SOP50P490X110-10N","",""
"U7, ","1","CH340E","CH340E","Package_SO:MSOP-10_3x3mm_P0.5mm","USB serial converter, UART, MSOP-10",""
"Y1, ","1","25MHz","Crystal_GND24","Crystal:Crystal_SMD_3225-4Pin_3.2x2.5mm","Four pin crystal, GND on pins 2 and 4",""
"Y2, ","1","25MHz","Crystal","Crystal:Crystal_HC49-U_Vertical","Two pin crystal",""
"Y3, ","1","24MHz","Crystal","Crystal:Crystal_HC49-U_Vertical","Two pin crystal",""
